tweet_text,,,,,,,,
The Curious Incident of the Dog in the Night-Time,,,,,,,,
The Girl on the Train,,,,,,,,
Fifty Shades Darker,,,,,,,,
Me Before You,,,,,,,,
The Handmaid's Tale,,,,,,,,
Thirteen Reasons Why,,,,,,,,
American Gods,,,,,,,,
The Shack: Where Tragedy Confronts Eternity,,,,,,,,
It,,,,,,,,
The Color Purple,,,,,,,,
,,,,,,,,
"The Devil in the White City: Murder, Magic, and Madness at the Fair that Changed America",,,,,,,,
The Gunslinger,,,,,,,,
The Husband's Secret ,,,,,,,,
Sharp Objects,,,,,,,,
Big Little Lies,,,,,,,,
The Nightingale,,,,,,,,
"Harry Potter and the Cursed Child, Parts One and Two",,,,,,,,
The Rosie Project,,,,,,,,
The Light Between Oceans,,,,,,,,
A Walk in the Woods,,,,,,,,
"Where'd You Go, Bernadette",,,,,,,,
,,,,,,,,
Yes Please,,,,,,,,
The Bad Beginning,,,,,,,,
Mistborn : The Final Empire,,,,,,,,
Throne of Glass,,,,,,,,
孫子兵法 [Sūnzi bīngfǎ],,,,,,,,
The Elite,,,,,,,,
Before I Fall,,,,,,,,
What Alice Forgot,,,,,,,,
A Study in Scarlet,,,,,,,,
Station Eleven,,,,,,,,
En man som heter Ove,,,,,,,,
Ways of Seeing,,,,,,,,
Fantastic Beasts and Where to Find Them,,,,,,,,
I Am Malala: The Girl Who Stood Up for Education and Was Shot by the Taliban,,,,,,,,
In the Woods,,,,,,,,
Go Set a Watchman,,,,,,,,
Red Queen,,,,,,,,
The Power of Habit,,,,,,,,
,,,,,,,,
After You,,,,,,,,
Scarlet,,,,,,,,
The Hero of Ages,,,,,,,,
The Boys in the Boat: Nine Americans and Their Epic Quest for Gold at the 1936 Berlin Olympics,,,,,,,,
The Drawing of the Three,,,,,,,,
Orange Is the New Black: My Year in a Women's Prison,,,,,,,,
Mr. Mercedes,,,,,,,,
The Passage,,,,,,,,
Everything I Never Told You,,,,,,,,
The Mysterious Affair at Styles,,,,,,,,
Murder in the Calais Coach,,,,,,,,
Americanah,,,,,,,,
The Storied Life of A.J. Fikry,,,,,,,,
The Silkworm,,,,,,,,
The Waste Lands,,,,,,,,
Crown of Midnight,,,,,,,,
Cress,,,,,,,,
Foundation and Empire,,,,,,,,
The Circle,,,,,,,,
The Good Girl,,,,,,,,
The Sense of an Ending,,,,,,,,
To All the Boys I've Loved Before,,,,,,,,
A Court of Thorns and Roses,,,,,,,,
When Breath Becomes Air,,,,,,,,
Red Rising,,,,,,,,
Words of Radiance,,,,,,,,
The Reptile Room,,,,,,,,
Brain on Fire,,,,,,,,
Hollow City,,,,,,,,
The Girl with All the Gifts,,,,,,,,
Old Man's War,,,,,,,,
The Forever War,,,,,,,,
人生がときめく片づけの魔法,,,,,,,,
All the Bright Places,,,,,,,,
Luckiest Girl Alive,,,,,,,,
The Raven Boys,,,,,,,,
The One Plus One,,,,,,,,
I'll Give You the Sun,,,,,,,,
The Man in the High Castle,,,,,,,,
Leaving Time,,,,,,,,
Between the World and Me,,,,,,,,
The Girl Who Loved Tom Gordon,,,,,,,,
 A Monster Calls ,,,,,,,,
Attachments,,,,,,,,
Shadow and Bone,,,,,,,,
Het diner,,,,,,,,
The Girl You Left Behind,,,,,,,,
Royal Assassin,,,,,,,,
Heir of Fire,,,,,,,,
Truly Madly Guilty,,,,,,,,
"Saga, Volume One",,,,,,,,
The Wide Window,,,,,,,,
Why Not Me?,,,,,,,,
Modern Romance,,,,,,,,
The Heir,,,,,,,,
Career of Evil,,,,,,,,
The Nest,,,,,,,,
Steal Like an Artist,,,,,,,,
The Miserable Mill,,,,,,,,
Det som inte dödar oss,,,,,,,,
The Girls,,,,,,,,
L'amica geniale,,,,,,,,
Rules of Civility,,,,,,,,
A Little Life,,,,,,,,
The Alloy of Law,,,,,,,,
Aristotle and Dante Discover the Secrets of the Universe,,,,,,,,
Fates and Furies,,,,,,,,
The Austere Academy,,,,,,,,
The Vile Village,,,,,,,,
A Scandal in Bohemia,,,,,,,,
Killing Lincoln: The Shocking Assassination that Changed America Forever,,,,,,,,
Leviathan Wakes,,,,,,,,
Queen of Shadows,,,,,,,,
The Case for Christ,,,,,,,,
The Ersatz Elevator,,,,,,,,
The Likeness,,,,,,,,
Dead Wake: The Last Crossing of the Lusitania,,,,,,,,
Golden Son,,,,,,,,
Pretty Girls,,,,,,,,
Revival,,,,,,,,
Winter,,,,,,,,
The Miniaturist,,,,,,,,
Magician's Gambit,,,,,,,,
The Woman in Cabin 10,,,,,,,,
The Rosie Effect,,,,,,,,
Ham on Rye,,,,,,,,
"Everything, Everything",,,,,,,,
The Memoirs of Sherlock Holmes,,,,,,,,
A Dog's Purpose ,,,,,,,,
An Ember in the Ashes,,,,,,,,
The Slippery Slope,,,,,,,,
The Boston Girl,,,,,,,,
"Through the Looking-Glass, and What Alice Found There",,,,,,,,
Finders Keepers,,,,,,,,
,,,,,,,,
"In a Dark, Dark Wood ",,,,,,,,
The Slow Regard of Silent Things,,,,,,,,
Brooklyn,,,,,,,,
Hillbilly Elegy. A Memoir of a Family and Culture in Crisis,,,,,,,,
What If?: Serious Scientific Answers to Absurd Hypothetical Questions,,,,,,,,
A Spool of Blue Thread,,,,,,,,
The Underground Railroad,,,,,,,,
The Carnivorous Carnival,,,,,,,,
Behind Closed Doors,,,,,,,,
The Island of Dr. Moreau,,,,,,,,
,,,,,,,,
Pines,,,,,,,,
It Ends with Us,,,,,,,,
Being Mortal: Medicine and What Matters in the End,,,,,,,,
Saving CeeCee Honeycutt,,,,,,,,
The Next Always,,,,,,,,
The Sign of Four,,,,,,,,
Warbreaker,,,,,,,,
Six of Crows,,,,,,,,
Carry On,,,,,,,,
The Magician King,,,,,,,,
My Name Is Lucy Barton,,,,,,,,
Pawn of Prophecy,,,,,,,,
The Lake House,,,,,,,,
Still Life,,,,,,,,
,,,,,,,,
Uprooted,,,,,,,,
Seveneves,,,,,,,,
Armada,,,,,,,,
Dark Matter,,,,,,,,
Glass Sword,,,,,,,,
In the Unlikely Event,,,,,,,,
Siege and Storm,,,,,,,,
The Grim Grotto,,,,,,,,
The Dream Thieves,,,,,,,,
Before the Fall,,,,,,,,
At the Water's Edge,,,,,,,,
Edge of Eternity,,,,,,,,
Three Wishes,,,,,,,,
Morning Star,,,,,,,,
Furiously Happy,,,,,,,,
Redshirts,,,,,,,,
The Last Anniversary,,,,,,,,
The Hostile Hospital,,,,,,,,
The Innocent,,,,,,,,
The Hypnotist's Love Story,,,,,,,,
Shift,,,,,,,,
Worth Dying For,,,,,,,,
Stoner,,,,,,,,
The Book of Negroes,,,,,,,,
Faithful Place,,,,,,,,
Euphoria,,,,,,,,
Battlefield of the Mind: Winning the Battle in Your Mind,,,,,,,,
Castle of Wizardry,,,,,,,,
kindle paperwhite user's guide 2nd edition,,,,,,,,
Crazy Rich Asians,,,,,,,,
My Sister's Grave,,,,,,,,
Library of Souls ,,,,,,,,
Fool's Errand,,,,,,,,
The Young Elites,,,,,,,,
The Penultimate Peril,,,,,,,,
The End,,,,,,,,
Annihilation,,,,,,,,
Das Herzenhören,,,,,,,,
The Gifts of Imperfection,,,,,,,,
Commonwealth,,,,,,,,
Min mormor hälsar och säger förlåt,,,,,,,,
Burial Rites,,,,,,,,
Big Magic: Creative Living Beyond Fear,,,,,,,,
The Hotel New Hampshire,,,,,,,,
"God Bless You, Mr Rosewater or Pearls before Swine",,,,,,,,
Sourcery,,,,,,,,
P.S. I Still Love You,,,,,,,,
Memory Man,,,,,,,,
A Darker Shade of Magic,,,,,,,,
The Lost City of Z: A Tale of Deadly Obsession in the Amazon,,,,,,,,
Firefight,,,,,,,,
Ghost World,,,,,,,,
The Children Act,,,,,,,,
"Elon Musk: Tesla, SpaceX, and the Quest for a Fantastic Future",,,,,,,,
Caliban's War,,,,,,,,
The Blinding Knife,,,,,,,,
Empire of Storms,,,,,,,,
What Do You Do?,,,,,,,,
Alexander Hamilton,,,,,,,,
The Deal,,,,,,,,
The Crown,,,,,,,,
The Ghost Brigades,,,,,,,,
Lady Midnight,,,,,,,,
קיצור תולדות האנושות‎‎,,,,,,,,
Broken Harbor,,,,,,,,
The Couple Next Door,,,,,,,,
Ancillary Justice,,,,,,,,
The Life We Bury,,,,,,,,
,,,,,,,,
"Saga, Volume Two",,,,,,,,
Flash Boys: A Wall Street Revolt,,,,,,,,
,,,,,,,,
Fairest,,,,,,,,
An Unquiet Mind: A Memoir of Moods and Madness,,,,,,,,
Ostatnie życzenie,,,,,,,,
Maisie Dobbs,,,,,,,,
The Butterfly Garden,,,,,,,,
Fool's Fate,,,,,,,,
Eligible,,,,,,,,
The Magician's Land,,,,,,,,
The Five Dysfunctions of a Team,,,,,,,,
Nov-09,,,,,,,,
Everything We Keep,,,,,,,,
The Song of Achilles,,,,,,,,
The Girl with the Lower Back Tattoo,,,,,,,,
I Let You Go,,,,,,,,
Blindsighted,,,,,,,,
The Golden Fool,,,,,,,,
Split Second,,,,,,,,
The Queen of the Tearling,,,,,,,,
The Stranger,,,,,,,,
The Wind Through the Keyhole,,,,,,,,
The Last Kingdom,,,,,,,,
End of Watch,,,,,,,,
Flaggermusmannen,,,,,,,,
Nothing to Envy: Ordinary Lives in North Korea,,,,,,,,
青の祓魔師 1,,,,,,,,
Thud!,,,,,,,,
Soul Music,,,,,,,,
The Atlantis Gene,,,,,,,,
1Q84 Book 1 [Ichi-kyū-hachi-yon],,,,,,,,
The Widow,,,,,,,,
The Winner's Curse,,,,,,,,
Storia del nuovo cognome,,,,,,,,
Ordinary Grace,,,,,,,,
The Silent Sister,,,,,,,,
Kindred,,,,,,,,
"Blue Lily, Lily Blue",,,,,,,,
See Me,,,,,,,,
,,,,,,,,
Griffin & Sabine: An Extraordinary Correspondence,,,,,,,,
Ruin and Rising,,,,,,,,
The Stranger Beside Me,,,,,,,,
Rivers of London,,,,,,,,
We Should All Be Feminists,,,,,,,,
The Kind Worth Killing,,,,,,,,
The Wrath & the Dawn,,,,,,,,
Half the Sky: Turning Oppression into Opportunity for Women Worldwide,,,,,,,,
The Assassin's Blade,,,,,,,,
The Paper Magician,,,,,,,,
We Have Always Lived in the Castle,,,,,,,,
Never Go Back ,,,,,,,,
H is for Hawk,,,,,,,,
Das Lavendelzimmer ,,,,,,,,
milk and honey,,,,,,,,
三体,,,,,,,,
The Sins of the Father,,,,,,,,
The Fifth Elephant,,,,,,,,
Fool Me Once,,,,,,,,
,,,,,,,,
Abaddon's Gate,,,,,,,,
Bad Feminist ,,,,,,,,
Nimona,,,,,,,,
"10% Happier: How I Tamed the Voice in My Head, Reduced Stress Without Losing My Edge, and Found Self-Help That Actually Works",,,,,,,,
"Saga, Volume Three",,,,,,,,
Personal,,,,,,,,
Lilac Girls,,,,,,,,
Make Me,,,,,,,,
The Wright Brothers,,,,,,,,
The Forgotten,,,,,,,,
Shadows of Self,,,,,,,,
You,,,,,,,,
Elizabeth Is Missing,,,,,,,,
El prisionero del cielo,,,,,,,,
Homegoing,,,,,,,,
A God in Ruins,,,,,,,,
Caught,,,,,,,,
,,,,,,,,
What We Talk About When We Talk About Love: Stories,,,,,,,,
I Was Here,,,,,,,,
Happy Ever After,,,,,,,,
The Secret Place,,,,,,,,
,,,,,,,,
Lock In,,,,,,,,
As You Wish: Inconceivable Tales from the Making of The Princess Bride,,,,,,,,
Bird Box,,,,,,,,
"Batman, Volume 1: The Court of Owls",,,,,,,,
The Kiss of Deception,,,,,,,,
The Truth,,,,,,,,
El amante japonés,,,,,,,,
A Woman of Substance ,,,,,,,,
The Hit,,,,,,,,
,,,,,,,,
The Last Colony,,,,,,,,
Vanish,,,,,,,,
Between Sisters,,,,,,,,
Wayward,,,,,,,,
Finding Audrey,,,,,,,,
Purity,,,,,,,,
Saphirblau,,,,,,,,
The Bone Season,,,,,,,,
Trigger Warning: Short Fictions and Disturbances,,,,,,,,
The Quiet American,,,,,,,,
Gift from the Sea,,,,,,,,
Trail of Broken Wings,,,,,,,,
Timequake,,,,,,,,
One Summer: America 1927,,,,,,,,
Nothing to Lose,,,,,,,,
Executive Power,,,,,,,,
Inside the O'Briens,,,,,,,,
"Saga, Volume Four",,,,,,,,
Bluebeard,,,,,,,,
"Isaac's Storm: A Man, a Time, and the Deadliest Hurricane in History",,,,,,,,
The Rumor,,,,,,,,
Pursuit of Honor,,,,,,,,
The Little Friend,,,,,,,,
Salt to the Sea,,,,,,,,
The Body in the Library,,,,,,,,
Start with Why: How Great Leaders Inspire Everyone to Take Action,,,,,,,,
Crooked Kingdom,,,,,,,,
Calamity,,,,,,,,
Our Souls at Night,,,,,,,,
The Zookeeper's Wife: A War Story,,,,,,,,
Slade House,,,,,,,,
An Astronaut’s Guide to Life on Earth,,,,,,,,
Stone of Farewell,,,,,,,,
Storia di chi fugge e di chi resta,,,,,,,,
Calico Joe,,,,,,,,
Pretty Baby,,,,,,,,
,,,,,,,,
One More Thing: Stories and Other Stories,,,,,,,,
The Heart Goes Last,,,,,,,,
The Marriage of Opposites,,,,,,,,
The Bands of Mourning,,,,,,,,
"Someday, Someday, Maybe ",,,,,,,,
Simon vs. the Homo Sapiens Agenda,,,,,,,,
Echo Park,,,,,,,,
,,,,,,,,
The Last Town,,,,,,,,
If There Be Thorns,,,,,,,,
,,,,,,,,
The Mastery of Love: A Practical Guide to the Art of Relationship (Toltec Wisdom Book),,,,,,,,
Secrets of the Millionaire Mind: Mastering the Inner Game of Wealth,,,,,,,,
The Winter People,,,,,,,,
Body Double,,,,,,,,
The Raven King,,,,,,,,
The Thief,,,,,,,,
Love & Misadventure,,,,,,,,
"Crooked Letter, Crooked Letter",,,,,,,,
Run,,,,,,,,
The Heist,,,,,,,,
The Last Mile,,,,,,,,
What She Knew (Burnt Paper Sky),,,,,,,,
Tricked,,,,,,,,
채식주의자 ,,,,,,,,
Emperor of Thorns,,,,,,,,
The Escape,,,,,,,,
Just Mercy: A Story of Justice and Redemption,,,,,,,,
"Many Lives, Many Masters",,,,,,,,
Giovanni's Room,,,,,,,,
自閉症の僕が跳びはねる理由～会話のできない中学生がつづる内なる心～,,,,,,,,
The Hidden Oracle,,,,,,,,
Missoula: Rape and the Justice System in a College Town,,,,,,,,
The Broken Eye,,,,,,,,
Gulp: Adventures on the Alimentary Canal,,,,,,,,
Mean Streak,,,,,,,,
The Thousand-Dollar Tan Line,,,,,,,,
The Exiled Queen,,,,,,,,
Analfabeten som kunde räkna,,,,,,,,
Troublemaker: Surviving Hollywood and Scientology,,,,,,,,
Opposition,,,,,,,,
Calling Me Home,,,,,,,,
Wishful Drinking,,,,,,,,
A Fatal Grace,,,,,,,,
Use of Weapons,,,,,,,,
The Hundred and One Dalmatians,,,,,,,,
Second Chance Summer,,,,,,,,
The Revenant,,,,,,,,
Cibola Burn,,,,,,,,
The Gray Wolf Throne,,,,,,,,
The Hellbound Heart,,,,,,,,
Second Son,,,,,,,,
An Ideal Husband,,,,,,,,
The Bane Chronicles,,,,,,,,
Storia della bambina perduta,,,,,,,,
Love You More,,,,,,,,
The Perfume Collector,,,,,,,,
Poirot Investigates,,,,,,,,
The Bazaar of Bad Dreams,,,,,,,,
Trapped ,,,,,,,,
Illuminae,,,,,,,,
,,,,,,,,
Protect and Defend,,,,,,,,
The Island,,,,,,,,
You're Never Weird on the Internet (Almost),,,,,,,,
Now You See Her,,,,,,,,
King Leopold's Ghost,,,,,,,,
Paper Princess,,,,,,,,
So You’ve Been Publicly Shamed,,,,,,,,
A Darkness More Than Night,,,,,,,,
The Obsession,,,,,,,,
One With You,,,,,,,,
,,,,,,,,
Shakespeare: The World as Stage ,,,,,,,,
The Middle Place,,,,,,,,
The Royal We,,,,,,,,
Best Kept Secret,,,,,,,,
A Gentleman in Moscow,,,,,,,,
The New Jim Crow: Mass Incarceration in the Age of Colorblindness,,,,,,,,
The Book of Unknown Americans,,,,,,,,
Dept. of Speculation,,,,,,,,
Secrets of a Charmed Life,,,,,,,,
The Whistler,,,,,,,,
,,,,,,,,
,,,,,,,,
,,,,,,,,
Krew elfów,,,,,,,,
The Fireman,,,,,,,,
A Knight of the Seven Kingdoms,,,,,,,,
The Girl In The Ice,,,,,,,,
The Pale Rider,,,,,,,,
A Hologram for the King,,,,,,,,
Judas Unchained,,,,,,,,
All the Ugly and Wonderful Things,,,,,,,,
The City of Mirrors,,,,,,,,
Half Girlfriend,,,,,,,,
"Parable of the Sower (Earthseed, #1)",,,,,,,,
When Things Fall Apart: Heart Advice for Difficult Times,,,,,,,,
Jesus' Son: Stories,,,,,,,,
The Last Man,,,,,,,,
The Last Star,,,,,,,,
QB VII,,,,,,,,
The Aeronaut's Windlass ,,,,,,,,
The Perfect Husband,,,,,,,,
A Street Cat Named Bob: How One Man and His Cat Found Hope on the Streets,,,,,,,,
Fool's Assassin,,,,,,,,
The Mother Tongue: English and How It Got That Way,,,,,,,,
The Mistake,,,,,,,,
Match Me If You Can,,,,,,,,
Crazy Little Thing,,,,,,,,
Summer Island,,,,,,,,
This One Summer,,,,,,,,
Einstein's Dreams,,,,,,,,
,,,,,,,,
,,,,,,,,
The Sixth Extinction: An Unnatural History,,,,,,,,
Once We Were Brothers,,,,,,,,
When I'm Gone,,,,,,,,
The Wonder,,,,,,,,
On the Fence,,,,,,,,
Follow You Home,,,,,,,,
How the Light Gets In,,,,,,,,
God's Smuggler,,,,,,,,
Fill-in boyfrined,,,,,,,,
These things hidden,,,,,,,,
All the Missing Girls,,,,,,,,
,,,,,,,,
Seconds: A Graphic Novel,,,,,,,,
Schachnovelle,,,,,,,,
Taster's Choice,,,,,,,,
,,,,,,,,
The Sympathizer,,,,,,,,
The Invasion of the Tearling,,,,,,,,
A Hundred Summers,,,,,,,,
A Torch Against the Night,,,,,,,,
The Guilty,,,,,,,,
Redemption,,,,,,,,
Michelangelo and the Pope's Ceiling,,,,,,,,
The Cruelest Month,,,,,,,,
The Winner's Crime,,,,,,,,
,,,,,,,,
The Lords of the North,,,,,,,,
Child of God,,,,,,,,
The Last Sin Eater,,,,,,,,
The Patron Saint of Liars,,,,,,,,
Kitchens of the Great Midwest,,,,,,,,
Promise of Blood,,,,,,,,
The Sun Is Also a Star,,,,,,,,
The Murder House,,,,,,,,
Funny Girl,,,,,,,,
A Gathering of Shadows,,,,,,,,
"A Rule Against Murder (Armand Gamache, #4)",,,,,,,,
Natchez Burning,,,,,,,,
"Bright Lights, Big City",,,,,,,,
The Crossing,,,,,,,,
Nemesis Games,,,,,,,,
True Grit,,,,,,,,
Feel The Fear And Do It Anyway: How to Turn Your Fear and Indecision into Confidence and Action,,,,,,,,
"Tatiana and Alexander (The Bronze Horseman, #2)",,,,,,,,
The Emperor's Blades,,,,,,,,
Miecz przeznaczenia,,,,,,,,
The Pearl that Broke Its Shell,,,,,,,,
The Sociopath Next Door,,,,,,,,
Moon Over Soho,,,,,,,,
Falling Kingdoms,,,,,,,,
Beautiful Redemption,,,,,,,,
ふしぎな図書館  Fushigi na toshokan,,,,,,,,
"Saga, Volume Five",,,,,,,,
Ask the dust ,,,,,,,,
The White Princess,,,,,,,,
Eat And Run,,,,,,,,
Broken,,,,,,,,
The Matchmaker,,,,,,,,
The Beautiful Mystery,,,,,,,,
Modern Lovers,,,,,,,,
"Talking as Fast as I Can: From Gilmore Girls to Gilmore Girls, and Everything in Between",,,,,,,,
Bury Your Dead,,,,,,,,
Love Warrior,,,,,,,,
The Brutal Telling,,,,,,,,
The Castaways,,,,,,,,
,,,,,,,,
Sweetbitter,,,,,,,,
The Liar,,,,,,,,
The Third Victim,,,,,,,,
The Wrong Side of Goodbye,,,,,,,,
Ancillary Sword,,,,,,,,
,,,,,,,,
NYPD Red,,,,,,,,
Fantastic Beasts and Where to Find Them: The Original Screenplay,,,,,,,,
Different Seasons,,,,,,,,
Hunted,,,,,,,,
The Humans,,,,,,,,
Britt-Marie var här,,,,,,,,
Written in Red,,,,,,,,
Not My Father's Son,,,,,,,,
Mitosis,,,,,,,,
The Wedding Dress,,,,,,,,
Stuck-Up Suit,,,,,,,,
Les Particules élémentaires,,,,,,,,
Two Boys Kissing,,,,,,,,
Brilliance,,,,,,,,
,,,,,,,,
Authority ,,,,,,,,
The Air He Breathes,,,,,,,,
The Glass Magician,,,,,,,,
I Heart New York,,,,,,,,
Smoke Gets in Your Eyes: And Other Lessons from the Crematory,,,,,,,,
,,,,,,,,
The Ice Twins,,,,,,,,
"84, Charing Cross Road",,,,,,,,
Scrappy Little Nobody,,,,,,,,
,,,,,,,,
Белые ночи,,,,,,,,
The Sellout,,,,,,,,
Night School,,,,,,,,
Lethal,,,,,,,,
,,,,,,,,
The Atlantis Plague,,,,,,,,
The Shop on Blossom Street,,,,,,,,
The Score,,,,,,,,
Whispers Under Ground,,,,,,,,
A Trick of the Light,,,,,,,,
Pandora Hearts 1,,,,,,,,
Kürk Mantolu Madonna,,,,,,,,
The Whole Truth,,,,,,,,
"Stolen Innocence: My Story of Growing Up in a Polygamous Sect, Becoming a Teenage Bride, and Breaking Free of Warren Jeffs",,,,,,,,
Out of the Easy,,,,,,,,
Batman: The Man Who Laughs,,,,,,,,
Shadow Spell,,,,,,,,
The Fifth Season,,,,,,,,
The Analyst,,,,,,,,
Infinity Welcomes Careful Drivers,,,,,,,,
The Sleeper and the Spindle,,,,,,,,
,,,,,,,,
"Shadow of a Dark Queen (The Serpentwar Saga, #1)",,,,,,,,
Delicious!,,,,,,,,
,,,,,,,,
Kakerlakkene,,,,,,,,
"The China Study: The Most Comprehensive Study of Nutrition Ever Conducted and the Startling Implications for Diet, Weight Loss and Long-term Health",,,,,,,,
The Gruffalo,,,,,,,,
東京喰種トーキョーグール 1,,,,,,,,
The Siren,,,,,,,,
The Quiet Game,,,,,,,,
The Rest of Us Just Live Here,,,,,,,,
Sword Song,,,,,,,,
,,,,,,,,
Stars Above,,,,,,,,
Stories of Your Life and Others ,,,,,,,,
Broken prince,,,,,,,,
Manuscrito encontrado em Accra,,,,,,,,
The Sex Lives of Cannibals: Adrift in the Equatorial Pacific,,,,,,,,
14th Deadly Sin,,,,,,,,
Salvage the Bones,,,,,,,,
Sand Omnibus,,,,,,,,
Off to Be the Wizard,,,,,,,,
Find Her,,,,,,,,
The Skull Throne,,,,,,,,
Two By Two,,,,,,,,
Be Careful What You Wish For,,,,,,,,
China Rich Girlfriend,,,,,,,,
"Frelseren (Harry Hole, #6)",,,,,,,,
Czas pogardy,,,,,,,,
Heartless,,,,,,,,
"Finding me : A Decade of Darkness, a Life Reclaimed",,,,,,,,
My Heart and Other Black Holes,,,,,,,,
"Politi (Harry Hole, #10)",,,,,,,,
The Chemist,,,,,,,,
X,,,,,,,,
Play It as It Lays,,,,,,,,
The Long Way Home,,,,,,,,
The Runaway King,,,,,,,,
Jailbird,,,,,,,,
,,,,,,,,
Vengeance in Death,,,,,,,,
Rage of a Demon King (The Serpentwar Saga #3),,,,,,,,
The Rose Society,,,,,,,,
The Summer Before the War,,,,,,,,
The Constitution of the United States of America,,,,,,,,
Sleep tight,,,,,,,,
The Fire Next Time,,,,,,,,
The Book of Speculation,,,,,,,,
"Boy, Snow, Bird",,,,,,,,
A Great Reckoning,,,,,,,,
Me & Emma,,,,,,,,
The Burning Land,,,,,,,,
Vicious,,,,,,,,
,,,,,,,,
The Happiest Baby on the Block,,,,,,,,
It Starts with Food: Discover the Whole30 and Change Your Life in Unexpected Ways,,,,,,,,
Home ,,,,,,,,
Fasandræberne,,,,,,,,
The Effective Executive: The Definitive Guide to Getting the Right Things Done (Harperbusiness Essentials),,,,,,,,
"The Wicked + The Divine, Vol. 1: The Faust Act",,,,,,,,
Half the World,,,,,,,,
神様はじめました 1,,,,,,,,
Five Little Pigs,,,,,,,,
,,,,,,,,
All My Friends Are Dead,,,,,,,,
Rising Tides (Chesapeake Bay Saga #2),,,,,,,,
Free Will,,,,,,,,
This Is Where It Ends,,,,,,,,
To Green Angel Tower (Storm),,,,,,,,
Invisible,,,,,,,,
The Last Policeman,,,,,,,,
The Pursuit of Holiness,,,,,,,,
Low Country,,,,,,,,
The Nix,,,,,,,,
Saving Francesca,,,,,,,,
Nine Rules to Break When Romancing a Rake,,,,,,,,
The Lifeboat,,,,,,,,
The Jewel,,,,,,,,
"Servant of the Empire (The Empire Trilogy, #2)",,,,,,,,
Eight Hundred Grapes,,,,,,,,
"Welcome to the World, Baby Girl!",,,,,,,,
Turbo Twenty-Three,,,,,,,,
RoomHate,,,,,,,,
Rising Strong,,,,,,,,
The Darkest Part of the Forest,,,,,,,,
The Hating Game,,,,,,,,
Black-Eyed Susans,,,,,,,,
Neanderthal Seeks Human,,,,,,,,
Hunger Makes Me a Modern Girl,,,,,,,,
Murder in Mesopotamia,,,,,,,,
G is for Gumshoe,,,,,,,,
Läsarna i Broken Wheel rekommenderar,,,,,,,,
The Magic of Reality: How We Know What's Really True,,,,,,,,
Remember,,,,,,,,
Blood Magick,,,,,,,,
,,,,,,,,
The Selection Stories: The Prince & The Guard,,,,,,,,
"Que Necesita El, Que Necesita Ella ",,,,,,,,
Until Friday Night,,,,,,,,
Everyone Brave Is Forgiven,,,,,,,,
The Things We Do for Love,,,,,,,,
"The Long Way to a Small, Angry Planet",,,,,,,,
Faithless,,,,,,,,
The Dip: A Little Book That Teaches You When to Quit (and When to Stick),,,,,,,,
The Blue Bistro,,,,,,,,
The Heart of Betrayal,,,,,,,,
The Killing Hour,,,,,,,,
While My Pretty One Sleeps,,,,,,,,
Arsenic and Old Lace,,,,,,,,
"Shopaholic to the Stars (Shopaholic, #7)",,,,,,,,
The Farm,,,,,,,,
Men Explain Things to Me,,,,,,,,
Shattered,,,,,,,,
Zoe's Tale,,,,,,,,
The Rose & the Dagger,,,,,,,,
The Fold,,,,,,,,
The Nature of the Beast,,,,,,,,
The Mothers,,,,,,,,
Maybe In Another Life,,,,,,,,
" Carry On, Warrior: Thoughts on Life Unarmed ",,,,,,,,
Norse Mythology,,,,,,,,
Welcome to Night Vale,,,,,,,,
Dumplin',,,,,,,,
Ancillary Mercy,,,,,,,,
The Vagina Monologues,,,,,,,,
The Book of Illusions,,,,,,,,
,,,,,,,,
Sleeping Giants,,,,,,,,
Mightier Than the Sword,,,,,,,,
Boy's Life,,,,,,,,
H is for Homicide,,,,,,,,
Food: A Love Story,,,,,,,,
Deliver Us From Evil,,,,,,,,
"The Green Mile, Part 1: The Two Dead Girls",,,,,,,,
A Head Full of Ghosts,,,,,,,,
Better Than Before: Mastering the Habits of Our Everyday Lives,,,,,,,,
Broken Homes,,,,,,,,
Dragon Haven,,,,,,,,
Turning Angel,,,,,,,,
The Queen,,,,,,,,
Avatar The Last Airbender: The Lost Adventures,,,,,,,,
Hidden,,,,,,,,
Captive Prince,,,,,,,,
The Atlantis World,,,,,,,,
Jasper Jones,,,,,,,,
The Screaming Staircase,,,,,,,,
Zomerhuis met zwembad,,,,,,,,
Honolulu,,,,,,,,
Wolf in White Van,,,,,,,,
Drei Kameraden,,,,,,,,
Chrzest ognia,,,,,,,,
Keep Quiet,,,,,,,,
,,,,,,,,
,,,,,,,,
Aftermath,,,,,,,,
Ghost Boy,,,,,,,,
Essentialism: The Disciplined Pursuit of Less,,,,,,,,
,,,,,,,,
The Swans of Fifth Avenue,,,,,,,,
,,,,,,,,
Sworn to Silence,,,,,,,,
Magic Breaks,,,,,,,,
1Q84 Book 3 [Ichi-kyū-hachi-yon],,,,,,,,
The Stepford Wives,,,,,,,,
The Fallen Angel,,,,,,,,
The Wall of Winnipeg and Me,,,,,,,,
Beyond Reach,,,,,,,,
I is for Innocent,,,,,,,,
"Tatiana and Alexander (The Bronze Horseman, #2)",,,,,,,,
Cross Justice,,,,,,,,
Charmed Life ,,,,,,,,
The Uncommon Reader ,,,,,,,,
The Girl With No Past,,,,,,,,
The Big Four,,,,,,,,
Peril at End House,,,,,,,,
Disclaimer,,,,,,,,
The Magic Strings of Frankie Presto,,,,,,,,
Fool's Quest,,,,,,,,
容疑者Xの献身 [Yōgisha X no kenshin],,,,,,,,
Porno,,,,,,,,
"Conversations with God, an uncommon dialogue, book 3",,,,,,,,
M Train,,,,,,,,
The Princess Diarist,,,,,,,,
Soumission ,,,,,,,,
Eiger Dreams: Ventures Among Men and Mountains,,,,,,,,
Fire Touched,,,,,,,,
The Villa,,,,,,,,
Jamaica Inn,,,,,,,,
,,,,,,,,
Kitchen no Ohimesama,,,,,,,,
Hissy Fit,,,,,,,,
Sleeping Arrangements,,,,,,,,
The Crimson Campaign,,,,,,,,
The Murder on the Links,,,,,,,,
,,,,,,,,
Shards of Honor,,,,,,,,
The House We Grew Up In,,,,,,,,
Summer People,,,,,,,,
Miller's Valley,,,,,,,,
The Masque of the Red Death,,,,,,,,
The Evolutionary Void,,,,,,,,
The Book of Joe,,,,,,,,
Home,,,,,,,,
For the Love: Fighting for Grace in a World of Impossible Standards,,,,,,,,
"Sex Criminals, Volume One: One Weird Trick",,,,,,,,
The Winner's Kiss,,,,,,,,
"Short Stories from Hogwarts of Heroism, Hardship and Dangerous Hobbies",,,,,,,,
Nutshell,,,,,,,,
デスノート #2 (Desu Nōto) Gōryū (合流),,,,,,,,
The Road to Little Dribbling,,,,,,,,
The Firebird,,,,,,,,
Selected Poems of Emily Dickinson,,,,,,,,
God Help the Child,,,,,,,,
Die Glasbläserin,,,,,,,,
You Will Know Me,,,,,,,,
An Innocent Client,,,,,,,,
"Shrill: Women Are Funny, It's Okay to Be Fat, and Feminists Don't Have to Be Nice",,,,,,,,
The Blue Castle,,,,,,,,
The Mirror Crack'd from Side to Side,,,,,,,,
The neon rain,,,,,,,,
"Saga, Volume Six",,,,,,,,
A Good Yarn,,,,,,,,
Shall We Tell the President?,,,,,,,,
"Shards of a Broken Crown (The Serpentwar Saga, #4)",,,,,,,,
The Enchantress Returns,,,,,,,,
The Master Magician,,,,,,,,
,,,,,,,,
Birds of a Feather,,,,,,,,
Gods in Alabama,,,,,,,,
Shoe Dog: A Memoir by the Creator of Nike,,,,,,,,
The Water is Wide,,,,,,,,
The Girl Next Door,,,,,,,,
Murder of Crows,,,,,,,,
"Grain Brain: The Surprising Truth about Wheat, Carbs, and Sugar--Your Brain's Silent Killers",,,,,,,,
The Heavenly Man: The Remarkable True Story of Chinese Christian Brother Yun,,,,,,,,
Pardonable Lies,,,,,,,,
Silent Scream,,,,,,,,
,,,,,,,,
Hamilton: The Revolution,,,,,,,,
You Had Me At Hello,,,,,,,,
15th Affair,,,,,,,,
,,,,,,,,
The Passenger,,,,,,,,
Girl Waits with Gun,,,,,,,,
Look to Windward,,,,,,,,
In Real Life,,,,,,,,
Vinegar Girl,,,,,,,,
The Black house,,,,,,,,
Uganda Be Kidding Me,,,,,,,,
All the Birds in the Sky,,,,,,,,
Home Again,,,,,,,,
Waiting to Be Heard: A Memoir,,,,,,,,
The Dead in Their Vaulted Arches,,,,,,,,
,,,,,,,,
رباعیات [Robāʿiāt-e ʿOmar Khayyām],,,,,,,,
,,,,,,,,
Ina May's Guide to Childbirth,,,,,,,,
Glory over Everything: Beyond The Kitchen House,,,,,,,,
Girl at War,,,,,,,,
Graduation Day,,,,,,,,
The Power of the Dog,,,,,,,,
America's First Daughter,,,,,,,,
The Human Division,,,,,,,,
,,,,,,,,
City of Dragons,,,,,,,,
Friction,,,,,,,,
,,,,,,,,
Under the Skin,,,,,,,,
March: Book One,,,,,,,,
The Subtle Art of Not Giving a F*ck: A Counterintuitive Approach to Living a Good Life,,,,,,,,
Flaskepost fra P,,,,,,,,
"Batman, Volume 2: The City of Owls",,,,,,,,
CivilWarLand in Bad Decline,,,,,,,,
Twisted Palace,,,,,,,,
,,,,,,,,
,,,,,,,,
Never Knowing,,,,,,,,
My Cousin Rachel,,,,,,,,
Funny in Farsi: A Memoir of Growing Up Iranian in America,,,,,,,,
Foxglove Summer,,,,,,,,
,,,,,,,,
Having a Mary Heart in a Martha World: Finding Intimacy With God in the Busyness of Life,,,,,,,,
"Avatar: The Last Airbender: The Rift, Part 1",,,,,,,,
The Black Widow,,,,,,,,
,,,,,,,,
Deep,,,,,,,,
"Soccernomics: Why England Loses, Why Germany and Brazil Win, and Why the U.S., Japan, Australia, Turkey--and Even Iraq--Are Destined to Become the Kings of the World's Most Popular Sport",,,,,,,,
,,,,,,,,
The Mystery of the Blue Train,,,,,,,,
Pastoralia,,,,,,,,
The Defining Decade: Why Your Twenties Matter--And How to Make the Most of Them Now,,,,,,,,
L'ignorance,,,,,,,,
Cometh the Hour,,,,,,,,
The Ship of Brides,,,,,,,,
Lab Girl,,,,,,,,
Fade Away,,,,,,,,
Amadeus,,,,,,,,
Wieża Jaskółki,,,,,,,,
"Wonder Woman, Volume 1: Blood",,,,,,,,
デッドマン・ワンダーランド 1,,,,,,,,
The Lives of Christopher Chant,,,,,,,,
Hollywood Dirt,,,,,,,,
No Man's Land,,,,,,,,
Magic Shifts,,,,,,,,
The Taming of the Queen,,,,,,,,
,,,,,,,,
The Warrior's Apprentice,,,,,,,,
黑暗森林,,,,,,,,
Treachery in Death,,,,,,,,
All My Puny Sorrows,,,,,,,,
Bittersweet,,,,,,,,
Dawn,,,,,,,,
Rebel of the Sands,,,,,,,,
Lily and the Octopus,,,,,,,,
Back Spin,,,,,,,,
Apple Tree Yard,,,,,,,,
When Calls the Heart,,,,,,,,
The Secret Life of Violet Grant,,,,,,,,
The Providence of Fire,,,,,,,,
My Life on the Road,,,,,,,,
Stars of Fortune,,,,,,,,
Void Moon,,,,,,,,
The Forgetting Time,,,,,,,,
,,,,,,,,
"Deep Down (Jack Reacher, #16.5)",,,,,,,,
Eeny Meeny,,,,,,,,
Influx,,,,,,,,
The Dry,,,,,,,,
Blood of Dragons,,,,,,,,
CyberStorm,,,,,,,,
To Green Angel Tower (Siege),,,,,,,,
The Wonderful Story Of Henry Sugar And Six More,,,,,,,,
,,,,,,,,
The Hammer of Thor,,,,,,,,
The Murders in the Rue Morgue,,,,,,,,
Midnight Crossroad,,,,,,,,
Sullivan's Island,,,,,,,,
Half a War,,,,,,,,
One False Move,,,,,,,,
Swing Time,,,,,,,,
Prince's Gambit,,,,,,,,
A Court of Wings and Ruin,,,,,,,,
The Atrocity Archives,,,,,,,,
Dark Fire,,,,,,,,
Heft,,,,,,,,
After We Fell,,,,,,,,
The Naked God ,,,,,,,,
A Dog's Journey: Another Novel for Humans,,,,,,,,
,,,,,,,,
Binge,,,,,,,,
The Cartel,,,,,,,,
A Mother's Reckoning: Living in the Aftermath of Tragedy,,,,,,,,
Mosquitoland,,,,,,,,
The Perfect Son,,,,,,,,
The Troop,,,,,,,,
"Short Stories from Hogwarts of Power, Politics and Pesky Poltergeists",,,,,,,,
King's Cage,,,,,,,,
Sickened,,,,,,,,
News of the World,,,,,,,,
Women of the Silk,,,,,,,,
The Prisoner of Zenda,,,,,,,,
The Girl Before,,,,,,,,
,,,,,,,,
My Sunshine Away,,,,,,,,
The Truth Seeker (O'Malley #3),,,,,,,,
Great House,,,,,,,,
The Kept Woman,,,,,,,,
,,,,,,,,
Hogwarts: An Incomplete and Unreliable Guide,,,,,,,,
Blod på snø,,,,,,,,
,,,,,,,,
The Wicked Will Rise,,,,,,,,
Citizen: An American Lyric,,,,,,,,
The Woman who Stole my Life,,,,,,,,
Pyongyang,,,,,,,,
"Adulthood Is a Myth: A ""Sarah's Scribbles"" Collection",,,,,,,,
Bone Gap,,,,,,,,
The Thing Around Your Neck,,,,,,,,
Caraval,,,,,,,,
The Fixer Upper,,,,,,,,
The Library at Mount Char,,,,,,,,
The Vor Game,,,,,,,,
This is Water,,,,,,,,
Caim,,,,,,,,
,,,,,,,,
Sleeping Murder,,,,,,,,
The Assassin and the Desert,,,,,,,,
Death of Kings,,,,,,,,
Onward: How Starbucks Fought for Its Life without Losing Its Soul,,,,,,,,
Passenger,,,,,,,,
Stone Mattress,,,,,,,,
Rebel Spring,,,,,,,,
Devil in a Blue Dress,,,,,,,,
Return,,,,,,,,
,,,,,,,,
International Flavor,,,,,,,,
Nexus,,,,,,,,
Ladies' Night ,,,,,,,,
Family Pictures,,,,,,,,
Good as Gone,,,,,,,,
L.A. Requiem,,,,,,,,
Savannah Blues,,,,,,,,
,,,,,,,,
Deep Fathom,,,,,,,,
Die Again,,,,,,,,
Birds of America: Stories,,,,,,,,
Big Rock,,,,,,,,
Three Dark Crowns,,,,,,,,
Under Locke,,,,,,,,
Wolverine: Origin,,,,,,,,
Come Home,,,,,,,,
Everyman,,,,,,,,
The Autumn Republic ,,,,,,,,
Low Pressure,,,,,,,,
The Charlemagne Pursuit,,,,,,,,
Rumble Fish,,,,,,,,
,,,,,,,,
,,,,,,,,
The One Thing: The Surprisingly Simple Truth Behind Extraordinary Results ,,,,,,,,
,,,,,,,,
The Long War,,,,,,,,
Arrow's Fall,,,,,,,,
The Curious Charms of Arthur Pepper,,,,,,,,
Mr. Kiss and Tell ,,,,,,,,
,,,,,,,,
,,,,,,,,
We Never Asked for Wings,,,,,,,,
Every Last Word,,,,,,,,
Only the Innocent,,,,,,,,
Area 7,,,,,,,,
A Better World,,,,,,,,
Clean Sweep,,,,,,,,
May We Be Forgiven,,,,,,,,
Savannah Breeze,,,,,,,,
沈黙,,,,,,,,
Born to Run,,,,,,,,
,,,,,,,,
Hidden Figures: The American Dream and the Untold Story of the Black Women Mathematicians Who Helped Win the Space Race,,,,,,,,
Mistborn: Secret History,,,,,,,,
The Five Love Languages of Children,,,,,,,,
Vision in Silver ,,,,,,,,
Beaches,,,,,,,,
The Paper Girls - Vol 1,,,,,,,,
City of Stairs,,,,,,,,
The Gift of Therapy: An Open Letter to a New Generation of Therapists and Their Patients,,,,,,,,
The Problem with Forever,,,,,,,,
Holding Up the Universe,,,,,,,,
1Q84 Books 1-2,,,,,,,,
,,,,,,,,
Another Brooklyn,,,,,,,,
Way Station,,,,,,,,
Intet,,,,,,,,
Sleeping Beauty Box Set,,,,,,,,
Brotherhood in Death,,,,,,,,
"Arrow's Flight (Heralds of Valdemar, #2)",,,,,,,,
Blackout: Remembering the Things I Drank to Forget,,,,,,,,
The Invaders,,,,,,,,
,,,,,,,,
The Walking Dead. Book Three,,,,,,,,
Queen Song,,,,,,,,
Point of Impact,,,,,,,,
The Danish Girl,,,,,,,,
Forest Mage,,,,,,,,
Punk 57,,,,,,,,
Wanted,,,,,,,,
Parmi les dix milliers de choses,,,,,,,,
,,,,,,,,
The Love Song of Miss Queenie Hennessy,,,,,,,,
The Last Question (When the World Ends),,,,,,,,
Shotgun Lovesongs,,,,,,,,
French Women Don't Get Fat,,,,,,,,
The Bone Tree,,,,,,,,
I Wrote This For You,,,,,,,,
Royally Screwed,,,,,,,,
The Moving Finger,,,,,,,,
1Q84 Book 2 [Ichi-kyū-hachi-yon],,,,,,,,
,,,,,,,,
Eileen,,,,,,,,
Cop Town,,,,,,,,
This Savage Song,,,,,,,,
The Unexpected Everything,,,,,,,,
The Bird and the Sword,,,,,,,,
The Crossing Places,,,,,,,,
,,,,,,,,
High Heat,,,,,,,,
Save the Date,,,,,,,,
Fences (The Century Cycle #6),,,,,,,,
The Two-Family House,,,,,,,,
Dear Daughter,,,,,,,,
The Mermaid's Sister,,,,,,,,
The Secret Speech,,,,,,,,
A Work in Progress,,,,,,,,
Wife by wednesday,,,,,,,,
Glitter and Glue,,,,,,,,
A Long Way Home,,,,,,,,
Evicted: Poverty and Profit in the American City,,,,,,,,
The Assassin and the Empire,,,,,,,,
The Invisible Library,,,,,,,,
"The Green Mile, Part 4: The Bad Death of Eduard Delacroix",,,,,,,,
Darth Vader and Son,,,,,,,,
Pani Jeziora,,,,,,,,
Truthwitch,,,,,,,,
A Wrinkle in Time: The Graphic Novel,,,,,,,,
Heartburn,,,,,,,,
Enemy of God,,,,,,,,
Archangel's Blade,,,,,,,,
The Survivor,,,,,,,,
An Untamed State,,,,,,,,
よつばと! 1,,,,,,,,
,,,,,,,,
The Final Detail,,,,,,,,
The Missing Piece Meets the Big O,,,,,,,,
,,,,,,,,
The Residence: Inside the Private World of the White House,,,,,,,,
The Life List,,,,,,,,
The Christmas Wedding,,,,,,,,
Financial Peace Revisited,,,,,,,,
Echo,,,,,,,,
Stupeur et tremblements,,,,,,,,
I Will Teach You To Be Rich,,,,,,,,
The Queen's Poisoner,,,,,,,,
Rejoice,,,,,,,,
The Naturals,,,,,,,,
The Shepherd's Crown,,,,,,,,
Killing Reagan,,,,,,,,
The Argonauts,,,,,,,,
The Last Painting of Sara de Vos,,,,,,,,
The Shadow Throne,,,,,,,,
Burn For Me,,,,,,,,
Train Dreams,,,,,,,,
"Art in Theory, 1900-2000: An Anthology of Changing Ideas",,,,,,,,
Darkest Fear,,,,,,,,
"John Constantine, Hellblazer: Volume 1: Original Sins",,,,,,,,
Dawn of Wonder,,,,,,,,
Ross Poldark,,,,,,,,
Orphan X,,,,,,,,
Breakfast with Buddha,,,,,,,,
Kings Rising,,,,,,,,
,,,,,,,,
The End of Mr. Y.,,,,,,,,
Parable of the Talents,,,,,,,,
The Assassin and the Underworld,,,,,,,,
If You Give a Cat a Cupcake,,,,,,,,
"The Rainbow Comes and Goes: A Mother and Son On Life, Love, and Loss",,,,,,,,
Underground Airlines,,,,,,,,
Raven Black,,,,,,,,
Behind Her Eyes,,,,,,,,
The Archived,,,,,,,,
The Sound of Gravel,,,,,,,,
Instructions for a Heatwave,,,,,,,,
,,,,,,,,
"Evelyn, After",,,,,,,,
LaRose,,,,,,,,
Before we met,,,,,,,,
One Hundred Names,,,,,,,,
Nantucket Nights,,,,,,,,
Tyskungen,,,,,,,,
,,,,,,,,
,,,,,,,,
,,,,,,,,
,,,,,,,,
"The Green Mile, Part 2: The Mouse on the Mile",,,,,,,,
Der Mondscheingarten,,,,,,,,
Hidden Bodies,,,,,,,,
The Mermaids Singing ,,,,,,,,
The Bourbon Kings,,,,,,,,
Happily Ever After,,,,,,,,
The Commitments,,,,,,,,
Wait for It,,,,,,,,
Moriarty,,,,,,,,
"Ensemble, c'est tout",,,,,,,,
The Blood Mirror,,,,,,,,
Tampa,,,,,,,,
,,,,,,,,
,,,,,,,,
Them: Adventures with Extremists,,,,,,,,
"Red Notice: A True Story of High Finance, Murder, and One Man’s Fight for Justice",,,,,,,,
Ghettoside: A True Story of Murder in America,,,,,,,,
The Next Accident,,,,,,,,
Falling Free,,,,,,,,
The Cold Moon,,,,,,,,
The Shawshank Redemption,,,,,,,,
I've Got You Under My Skin,,,,,,,,
,,,,,,,,
,,,,,,,,
A Grimm Warning,,,,,,,,
,,,,,,,,
Babylon's Ashes,,,,,,,,
Y: The Last Man - The Deluxe Edition Book One,,,,,,,,
Alert,,,,,,,,
Rosemary: The Hidden Kennedy Daughter,,,,,,,,
Bite Me If You Can,,,,,,,,
The Folk of Faraway Tree,,,,,,,,
Exile's Return,,,,,,,,
Contest,,,,,,,,
The Lightning Thief: The Graphic Novel,,,,,,,,
,,,,,,,,
This Changes Everything: Capitalism vs. The Climate,,,,,,,,
A Caribbean Mystery,,,,,,,,
,,,,,,,,
"The Way of Kings, Part 1",,,,,,,,
,,,,,,,,
"The Green Mile, Part 3: Coffey's Hands",,,,,,,,
The Other Daughter,,,,,,,,
Legion: Skin Deep,,,,,,,,
Where I Belong,,,,,,,,
Letter to My Daughter,,,,,,,,
Blackberry Winter,,,,,,,,
Braveheart,,,,,,,,
Call Me by Your Name,,,,,,,,
,,,,,,,,
The Midwich Cuckoos,,,,,,,,
,,,,,,,,
The Magic (The Secret #3),,,,,,,,
,,,,,,,,
Too Busy Not to Pray: Slowing Down to Be With God,,,,,,,,
The Pagan Lord,,,,,,,,
The North Water,,,,,,,,
,,,,,,,,
Ἀγαμέμνων,,,,,,,,
Staked,,,,,,,,
"Do No Harm: Stories of Life, Death and Brain Surgery",,,,,,,,
After Ever Happy,,,,,,,,
Crimson Shore,,,,,,,,
Naiv.Super.,,,,,,,,
,,,,,,,,
,,,,,,,,
Tell Me Three Things,,,,,,,,
Gut gegen Nordwind,,,,,,,,
"The Green Mile, Part 6: Coffey on the Mile",,,,,,,,
Miles to Go,,,,,,,,
My Friend Dahmer,,,,,,,,
,,,,,,,,
When the Emperor Was Divine,,,,,,,,
Lincoln in the Bardo,,,,,,,,
The Wicked Girls,,,,,,,,
Agents of Light and Darkness,,,,,,,,
Rogues,,,,,,,,
,,,,,,,,
,,,,,,,,
Daily Rituals: How Artists Work,,,,,,,,
An Incomplete Revenge,,,,,,,,
The Night Sister,,,,,,,,
Ashley Bell,,,,,,,,
Rogue Squadron,,,,,,,,
Fine Things,,,,,,,,
King of Foxes,,,,,,,,
The Obituary Writer,,,,,,,,
Hulk: Planet Hulk,,,,,,,,
Journal 64,,,,,,,,
Death at La Fenice,,,,,,,,
Pebble in the Sky,,,,,,,,
Gemina,,,,,,,,
La Carte et le territoire,,,,,,,,
They Do it with Mirrors,,,,,,,,
Pushing Ice,,,,,,,,
The Secret Art of Dr. Seuss,,,,,,,,
The Obelisk Gate,,,,,,,,
Reasons To Stay Alive ,,,,,,,,
The Shadowy Horses,,,,,,,,
Among the Mad,,,,,,,,
Amy & Isabelle,,,,,,,,
Beautiful You,,,,,,,,
Shadows Linger,,,,,,,,
Agatha Raisin and the Quiche of Death,,,,,,,,
Agent to the stars,,,,,,,,
Secondhand Souls,,,,,,,,
The Cinderella Murder ,,,,,,,,
Vicious,,,,,,,,
Winter Stroll,,,,,,,,
The Hate U Give,,,,,,,,
"Courageous (Lost Fleet Series, #3)",,,,,,,,
Messenger of Truth,,,,,,,,
Gathering Darkness,,,,,,,,
The Survivors Club,,,,,,,,
Track of the Cat,,,,,,,,
The White Rose,,,,,,,,
All Fall Down,,,,,,,,
Transmetropolitan Vol. 4: The New Scum,,,,,,,,
Day 21,,,,,,,,
The Girl in the Red Coat,,,,,,,,
The Gate Thief,,,,,,,,
My Lady Jane,,,,,,,,
You'll Grow Out of It,,,,,,,,
Daughter,,,,,,,,
The Broken Kingdoms,,,,,,,,
Trump: The Art of the Deal,,,,,,,,
After Anna,,,,,,,,
The First 90 Days: Critical Success Strategies for New Leaders at All Levels,,,,,,,,
Star Wars: Lost Stars,,,,,,,,
The Rats,,,,,,,,
Magic Binds,,,,,,,,
"Happier at Home: Kiss More, Jump More, Abandon a Project, Read Samuel Johnson, and My Other Experiments in the Practice of Everyday Life",,,,,,,,
Silver Bay,,,,,,,,
Bay of Sighs,,,,,,,,
Lines of Departure,,,,,,,,
Be Frank With Me,,,,,,,,
Better Than Life,,,,,,,,
Dirty,,,,,,,,
Not Quite Dating,,,,,,,,
"Rich Dad's Guide to Investing: What the Rich Invest in, That the Poor and the Middle Class Do Not!",,,,,,,,
"Wild Seed (Patternmaster, #1)",,,,,,,,
,,,,,,,,
,,,,,,,,
"Batman, Volume 3: Death of the Family",,,,,,,,
We Are Called to Rise,,,,,,,,
Hope,,,,,,,,
A Window Opens,,,,,,,,
,,,,,,,,
Strangers on a Train,,,,,,,,
A Kiss for Little Bear,,,,,,,,
,,,,,,,,
,,,,,,,,
Think Twice,,,,,,,,
Owl Babies,,,,,,,,
The Turner House,,,,,,,,
Birdman,,,,,,,,tweet_text
,,,,,,,,
Humans of New York: Stories,,,,,,,,
A Civil Campaign,,,,,,,,
The Egg,,,,,,,,
The Last Days of Dogtown,,,,,,,,
Beacon 23: The Complete Novel,,,,,,,,
The Versions of Us,,,,,,,,
Locked On,,,,,,,,
The Bookman’s Tale,,,,,,,,
Overruled,,,,,,,,
Dirty English,,,,,,,,
"Grit: Passion, Perseverance, and the Science of Success",,,,,,,,
Horus Rising,,,,,,,,
桜蘭高校ホスト部 4,,,,,,,,
George,,,,,,,,
A Thousand Boy Kisses,,,,,,,,
Shopaholic to the Rescue,,,,,,,,
"The Green Mile, Part 5: Night Journey",,,,,,,,
Blue Monday,,,,,,,,
,,,,,,,,
The Lollipop Shoes,,,,,,,,
Marked in Flesh,,,,,,,,
Horrorstör,,,,,,,,
The Mime Order,,,,,,,,
Darm mit Charme,,,,,,,,
The Seven Principles for Making Marriage Work: A Practical Guide from the Country's Foremost Relationship Expert,,,,,,,,
Feverborn,,,,,,,,
青の祓魔師 2,,,,,,,,
"Billy Budd, Sailor",,,,,,,,
Means of Ascent ,,,,,,,,
